{
    "global": {
        "games": 46,
        "wins": 15,
        "loses": 11,
        "ties": 20
    },
    "luis": {
        "games": 25,
        "wins": 8,
        "loses": 6,
        "ties": 11,
        "time": 1699801720.4808066
    },
    "andre": {
        "games": 21,
        "wins": 7,
        "loses": 5,
        "ties": 9,
        "time": 1699802088.8616762
    }
}